user-id,class,prediction,California,Georgia,NewYork
USER_001ac628,?,California,0.0749626,0.015430416,0.009606982
USER_002ac912,?,NewYork,0.030570943,0.021067059,0.048361998
USER_0089c6ed,?,NewYork,0.038722202,0.008307501,0.052970298
USER_00bc828f,?,NewYork,0.0011705712,0.0038709908,0.09495844
USER_00e7be97,?,NewYork,0.03257916,0.013726409,0.053694427
USER_012b2595,?,Georgia,0.009976522,0.08955686,0.00046662678
USER_0139bf5c,?,NewYork,0.0013688023,0.0011931417,0.09743805
USER_020719b6,?,NewYork,2.9193833e-07,1.4620957e-05,0.099985085
USER_026a085b,?,NewYork,0.013189638,0.0066544125,0.080155954
USER_028ea70d,?,Georgia,0.011134138,0.07985076,0.009015098
USER_03c6b720,?,NewYork,0.0015992743,0.0021480932,0.096252635
USER_03e9e8a9,?,California,0.086458415,0.005850705,0.007690878
USER_04b3ff64,?,California,0.09415965,0.004474233,0.001366119
USER_04d5ae7e,?,Georgia,0.01247511,0.06547905,0.02204584
USER_04f00846,?,NewYork,0.00027097523,0.0022383905,0.09749063
USER_059e3e4b,?,NewYork,0.010141286,0.0032851745,0.08657354
USER_060db402,?,NewYork,0.004684964,0.006725099,0.088589944
USER_0617e84c,?,California,0.08169453,0.008697606,0.009607864
USER_066aff57,?,Georgia,5.9771824e-05,0.09970911,0.00023111845
USER_067bc0d1,?,NewYork,0.002964176,0.002700324,0.094335504
USER_06ec6026,?,California,0.05181735,0.008431708,0.03975094
USER_073ae410,?,NewYork,0.025025392,0.0072850385,0.06768956
USER_07713420,?,NewYork,0.030192185,0.015476748,0.054331075
USER_07b8a39e,?,California,0.055802364,0.021029832,0.023167802
USER_087cd93c,?,California,0.039154537,0.022342972,0.03850249
USER_08cdff74,?,NewYork,4.368947e-05,0.00010945442,0.099846855
USER_098e1532,?,NewYork,0.016541814,0.010119046,0.073339134
USER_0995db73,?,Georgia,0.0105506815,0.08358031,0.005869006
USER_09dbf5de,?,Georgia,0.016803533,0.053428777,0.029767696
USER_0b5fa2eb,?,NewYork,0.00791955,0.0063589946,0.08572145
USER_0bd05d33,?,Georgia,0.0044236374,0.0735627,0.022013659
USER_0c09ba5c,?,California,0.05007285,0.024411473,0.025515681
USER_0c7bb665,?,NewYork,0.0012240554,0.0013104519,0.09746549
USER_0cbd8e04,?,Georgia,0.03027395,0.043215256,0.026510796
USER_0d71ddc1,?,NewYork,6.7826236e-06,5.1515894e-06,0.099988066
USER_0d78e1b8,?,NewYork,0.01764492,0.0066828565,0.075672224
USER_0ddfa5e6,?,Georgia,0.0110882055,0.075715795,0.013195996
USER_0e354317,?,California,0.049337346,0.021764705,0.028897956
USER_0e35810b,?,Georgia,0.0062663397,0.058251757,0.03548191
USER_0e541dce,?,NewYork,0.03889839,0.010963819,0.0501378
USER_0e8ad62f,?,NewYork,0.010677484,0.0065805046,0.082742006
USER_0f000fe4,?,NewYork,0.00010485794,0.00010080541,0.099794336
USER_0fbe981e,?,California,0.043452032,0.017080031,0.039467935
USER_10e660ae,?,California,0.06330204,0.008141443,0.028556516
USER_114ebefd,?,California,0.07830791,0.009171249,0.012520847
USER_11e68741,?,Georgia,0.02264982,0.038765874,0.038584303
USER_12093513,?,NewYork,0.0072129355,0.0028354893,0.08995158
USER_1267d8f7,?,NewYork,0.00020729739,0.00025606953,0.099536635
USER_1268d148,?,NewYork,0.010099524,0.010792649,0.07910783
USER_12e20166,?,NewYork,0.015082872,0.0045492956,0.08036783
USER_1385a20d,?,NewYork,0.002246432,0.0014464606,0.09630711
USER_13f7c11a,?,NewYork,0.018398758,0.0068786396,0.0747226
USER_14d8ba66,?,NewYork,0.033556677,0.026468262,0.039975055
USER_154028ac,?,California,0.08785605,0.0060041114,0.0061398377
USER_154aa5bb,?,NewYork,0.009728076,0.0032666859,0.087005235
USER_1552bae0,?,NewYork,0.01576893,0.0033752602,0.08085582
USER_1562978a,?,NewYork,0.044887193,0.006804382,0.048308425
USER_1577a117,?,NewYork,0.0041310554,0.0031842045,0.09268473
USER_15cb67cc,?,NewYork,1.3472908e-05,0.00010565737,0.099880874
USER_16d5c2a2,?,Georgia,0.00568249,0.08885591,0.0054616025
USER_17436f9d,?,NewYork,0.033853937,0.0138746,0.052271463
USER_17ad6a4d,?,NewYork,0.00037546747,0.0015350521,0.09808947
USER_17b7197e,?,NewYork,1.2899592e-07,1.7997539e-07,0.09999969
USER_18043b98,?,NewYork,0.003179285,0.0016309933,0.09518973
USER_18668846,?,NewYork,0.024011606,0.012496158,0.06349223
USER_18bfa1bf,?,NewYork,0.0010570125,0.00096094096,0.09798206
USER_1911ce8d,?,California,0.046099093,0.010432893,0.043468006
USER_19325d87,?,NewYork,0.0010418787,0.0022568542,0.09670127
USER_1963fbc7,?,California,0.07845329,0.008931928,0.012614792
USER_19bec732,?,Georgia,0.009693875,0.087879226,0.002426894
USER_19f5e58a,?,California,0.038648374,0.025164858,0.036186762
USER_1a666e73,?,California,0.0804625,0.003671083,0.015866416
USER_1ad6ec92,?,NewYork,0.0415693,0.007050398,0.0513803
USER_1af91382,?,NewYork,0.017777583,0.005586085,0.07663633
USER_1b02b054,?,NewYork,0.013478046,0.016569601,0.069952354
USER_1b0fbdca,?,California,0.052007597,0.02072615,0.027266258
USER_1b27e15d,?,California,0.05121868,0.019517433,0.029263884
USER_1b2d5f01,?,California,0.09996317,3.2993965e-05,3.827445e-06
USER_1b47273a,?,Georgia,0.034781247,0.056945413,0.008273345
USER_1b593ea0,?,California,0.06958777,0.010003727,0.020408504
USER_1bad49c0,?,California,0.061174184,0.010973257,0.027852561
USER_1bf805fc,?,NewYork,0.042851083,0.012591647,0.04455728
USER_1c2bdb85,?,California,0.04922942,0.03718867,0.013581907
USER_1c35dac9,?,California,0.07422951,0.012094295,0.013676194
USER_1c47c320,?,Georgia,0.036999024,0.04772638,0.015274594
USER_1c502a4a,?,NewYork,0.02143206,0.009777815,0.06879012
USER_1c87f445,?,NewYork,0.032554634,0.022127375,0.04531799
USER_1cd174a5,?,Georgia,0.035618268,0.038496647,0.02588508
USER_1ce79b71,?,California,0.052604657,0.020098705,0.027296644
USER_1d197eb1,?,NewYork,0.0376978,0.018750241,0.043551955
USER_1d7fb750,?,NewYork,0.0027620797,0.0123571,0.08488082
USER_1d9ecd1f,?,NewYork,0.019130785,0.025110189,0.05575903
USER_1e0d7389,?,NewYork,0.040221438,0.012900474,0.046878085
USER_1e29440e,?,NewYork,0.0041937823,0.0021858,0.09362041
USER_1e2ec93e,?,NewYork,0.039193295,0.013509624,0.04729708
USER_1e417ec3,?,California,0.06649853,0.008466879,0.025034586
USER_1e8adcef,?,NewYork,0.015283147,0.008131636,0.07658522
USER_1e9813c3,?,NewYork,0.03633319,0.012314946,0.051351868
USER_1eb22f1f,?,NewYork,0.032389108,0.006646093,0.060964804
USER_1eeef1ca,?,NewYork,0.0046429303,0.0013706223,0.093986444
USER_1f012225,?,NewYork,0.0039755884,0.0029169593,0.09310745
USER_1f15e428,?,NewYork,0.017477283,0.01787025,0.06465246
USER_1f48b92c,?,Georgia,0.03434708,0.04028527,0.025367651
USER_1fd26730,?,Georgia,0.034311228,0.03665472,0.029034048
USER_1fde2545,?,Georgia,0.033922136,0.042904116,0.023173744
USER_1ffc01ae,?,NewYork,0.033807367,0.010208726,0.05598391
USER_2047ae1b,?,California,0.042816672,0.03315939,0.024023939
USER_209f9da7,?,NewYork,0.0012271458,0.0009686309,0.09780423
USER_21221c3a,?,NewYork,0.003932574,0.0014184536,0.09464897
USER_212f6e96,?,Georgia,0.0035603303,0.08558617,0.010853506
USER_21570d2c,?,NewYork,0.03338372,0.011493597,0.055122685
USER_216928f7,?,NewYork,0.029977739,0.01955018,0.050472073
USER_216b9538,?,Georgia,0.0006275509,0.0971318,0.0022406452
USER_21e25657,?,NewYork,0.011667698,0.008817319,0.07951498
USER_228b4a0c,?,NewYork,0.023009555,0.0072735483,0.0697169
USER_22d6881b,?,California,0.05987711,0.015771788,0.024351101
USER_2370f6bf,?,NewYork,0.010220351,0.015384731,0.07439492
USER_238d70d5,?,NewYork,6.2720637e-06,1.9117488e-05,0.09997462
USER_24128d4b,?,NewYork,0.0059860386,0.0023644385,0.09164952
USER_2481e157,?,NewYork,0.020257523,0.009094556,0.07064792
USER_249535bf,?,Georgia,0.02152292,0.048607968,0.029869113
USER_250ddab9,?,NewYork,0.028453702,0.03262563,0.03892067
USER_256b54bd,?,NewYork,1.8333612e-09,2.223281e-07,0.09999977
USER_25908f1a,?,NewYork,0.006302835,0.014284785,0.079412386
USER_25af73f5,?,NewYork,0.010471969,0.0031778384,0.086350195
USER_26007171,?,NewYork,0.023183955,0.009189379,0.06762667
USER_2606a86d,?,California,0.099108785,0.0007077563,0.00018345471
USER_2630cb48,?,NewYork,0.027169263,0.03456322,0.038267516
USER_26da5680,?,NewYork,0.0005124132,0.0006230044,0.09886458
USER_27097481,?,California,0.054370217,0.024441034,0.021188743
USER_280d4285,?,NewYork,0.005813649,0.008045434,0.08614092
USER_286c692d,?,NewYork,0.03725728,0.013689786,0.04905293
USER_28c2490b,?,NewYork,0.011552894,0.008203129,0.08024398
USER_28c66184,?,Georgia,0.013313973,0.06210398,0.024582047
USER_2901f5d2,?,California,0.0984897,0.00068857154,0.0008217335
USER_2950e8c0,?,NewYork,0.026618471,0.008397894,0.064983636
USER_29ffb735,?,NewYork,0.010709869,0.021460803,0.067829326
USER_2a88e71c,?,Georgia,0.018165046,0.051459648,0.030375306
USER_2aba30b4,?,NewYork,0.00024919055,0.000138912,0.0996119
USER_2adc013f,?,NewYork,0.022377882,0.01604456,0.06157756
USER_2add8395,?,NewYork,0.008789824,0.004303316,0.08690686
USER_2b071628,?,NewYork,0.004883173,0.0058629434,0.08925388
USER_2b572e4d,?,NewYork,0.015002467,0.004899069,0.080098465
USER_2c013f15,?,California,0.06907149,0.0072567947,0.023671713
USER_2c5739d4,?,Georgia,0.027362406,0.0613363,0.011301291
USER_2ca9481d,?,California,0.079943486,0.0134309335,0.0066255806
USER_2cb61ce4,?,California,0.06339892,0.022490172,0.014110906
USER_2cb8e6ac,?,California,0.067934506,0.016458297,0.015607195
USER_2cd884ab,?,California,0.059629094,0.009327953,0.031042958
USER_2d694b18,?,NewYork,0.00026860653,0.00014307631,0.09958832
USER_2f28cca9,?,NewYork,0.03662441,0.0226215,0.04075409
USER_2f2d6ae4,?,NewYork,0.013977697,0.031205673,0.054816633
USER_30878eb8,?,NewYork,0.030314902,0.016884584,0.052800506
USER_310af2fe,?,California,0.058522325,0.009411419,0.03206625
USER_312e8b79,?,NewYork,0.0056508216,0.0040986366,0.09025054
USER_313f308d,?,NewYork,0.035671175,0.009646741,0.054682083
USER_316f17c5,?,California,0.0879467,0.008504857,0.0035484482
USER_317f2f44,?,NewYork,0.02004527,0.038488213,0.04146652
USER_31a747b6,?,NewYork,0.01580264,0.009084753,0.07511261
USER_31c3b3da,?,California,0.0913394,0.0028536732,0.0058069252
USER_31c556c3,?,NewYork,7.564792e-05,5.812404e-05,0.09986623
USER_31d69de0,?,NewYork,0.0024369224,0.0009289657,0.096634105
USER_31f37996,?,California,0.043655887,0.01937071,0.036973394
USER_324bcac5,?,NewYork,0.028481415,0.012286721,0.05923186
USER_32a5dbf3,?,Georgia,8.479707e-05,0.09950553,0.00040966022
USER_32ba33be,?,NewYork,4.7009067e-05,0.0001764533,0.09977654
USER_32c96cdd,?,NewYork,0.0071663037,0.0036660165,0.08916768
USER_332b44fb,?,NewYork,0.00040245624,0.0002417439,0.0993558
USER_3351df96,?,NewYork,0.024591997,0.0324448,0.042963207
USER_3380c961,?,NewYork,0.011594526,0.008072624,0.080332845
USER_33973a49,?,NewYork,0.033117946,0.013800176,0.05308187
USER_346e4a41,?,NewYork,0.02164534,0.010936381,0.06741828
USER_34b503db,?,NewYork,0.028648203,0.031369757,0.039982036
USER_351841b1,?,NewYork,0.00014963173,0.00020127316,0.09964909
USER_35189819,?,NewYork,0.0031781208,0.00378374,0.09303814
USER_35807dab,?,NewYork,0.00082301797,0.0006961915,0.0984808
USER_358eb04b,?,NewYork,0.039186988,0.010214513,0.050598502
USER_3611eed4,?,NewYork,1.0536562e-05,6.808373e-06,0.099982664
USER_362fcb4e,?,Georgia,0.034325805,0.036971457,0.028702741
USER_366ead5c,?,California,0.05100479,0.013040858,0.03595435
USER_36aebdd0,?,NewYork,0.033835456,0.027337497,0.038827047
USER_3731a11a,?,NewYork,0.0035789106,0.0021977955,0.09422329
USER_374a99a6,?,California,0.062004246,0.009866675,0.028129086
USER_375ddf66,?,California,0.09133591,0.004341731,0.0043223603
USER_3761e30b,?,Georgia,0.028879965,0.063795246,0.007324785
USER_377ab802,?,NewYork,0.012190313,0.0074684406,0.08034125
USER_37d9b8a2,?,California,0.045098063,0.017694488,0.037207443
USER_37fbd81d,?,Georgia,7.39963e-05,0.09836702,0.0015589816
USER_382758ba,?,NewYork,0.005272257,0.0024141984,0.09231355
USER_3839a806,?,California,0.04024279,0.025013274,0.03474393
USER_385039c2,?,NewYork,0.0101918485,0.0052163117,0.084591836
USER_386fabf9,?,NewYork,0.009768212,0.015861385,0.0743704
USER_3885fd0e,?,NewYork,0.0022661553,0.0021406577,0.095593184
USER_38878baf,?,NewYork,0.018006485,0.0071178563,0.07487567
USER_391b3f19,?,NewYork,0.0012105457,0.0012039749,0.097585484
USER_3926cc91,?,Georgia,0.017217,0.045253284,0.037529714
USER_392edeb4,?,NewYork,0.03542003,0.013055531,0.051524438
USER_3a0cce74,?,NewYork,0.026171556,0.0043393327,0.06948911
USER_3ab1c13a,?,California,0.098166004,0.0015639358,0.00027007007
USER_3b2c7aeb,?,California,0.05437786,0.010843414,0.034778725
USER_3b3ee2a1,?,NewYork,0.014572862,0.00848716,0.07693998
USER_3b59b7cc,?,Georgia,0.0096,0.060619198,0.029780796
USER_3b897a10,?,California,0.054031767,0.012418497,0.03354974
USER_3bbacfa2,?,NewYork,0.008616816,0.0049804314,0.08640275
USER_3bcbd9f2,?,NewYork,0.0050311117,0.0033135428,0.091655344
USER_3c027111,?,NewYork,0.041096743,0.009356266,0.049546998
USER_3cf60041,?,NewYork,0.002381881,0.0014319376,0.09618618
USER_3d364f1e,?,NewYork,1.8573853e-06,2.3181121e-06,0.09999583
USER_3d478593,?,NewYork,0.0064493255,0.024448663,0.069102004
USER_3d4a71db,?,NewYork,1.7209371e-06,3.4335058e-06,0.09999485
USER_3d617a59,?,NewYork,0.041719034,0.012735186,0.04554578
USER_3d712136,?,California,0.07958953,0.005166319,0.015244146
USER_3da11595,?,NewYork,0.026455563,0.010503465,0.06304097
USER_3dcec70f,?,Georgia,0.040773496,0.041260697,0.017965818
USER_3e152eed,?,NewYork,0.028022338,0.028854564,0.043123104
USER_3e3d4fdf,?,NewYork,0.014202541,0.034757126,0.051040333
USER_3e65626b,?,NewYork,0.014677604,0.0054907138,0.07983168
USER_3ed488ea,?,NewYork,0.0355492,0.008237336,0.05621346
USER_3ee8fbbe,?,NewYork,0.00037407572,0.0005669036,0.09905902
USER_3f5fc595,?,NewYork,0.024385331,0.0052782046,0.07033646
USER_3f65f650,?,California,0.04460808,0.028862339,0.026529584
USER_3f6e72de,?,California,0.054615982,0.016332317,0.029051702
USER_3f73341f,?,NewYork,0.006233414,0.00910755,0.08465903
USER_3fe167a5,?,Georgia,0.025073294,0.0390345,0.035892207
USER_3ff0eac2,?,California,0.042479713,0.031569038,0.025951248
USER_4033d6b0,?,NewYork,0.0052153366,0.0036024142,0.09118225
USER_40b5babf,?,NewYork,0.013768996,0.0082889795,0.07794202
USER_40e3cc5c,?,Georgia,0.035171796,0.06448456,0.00034364645
USER_4109c700,?,NewYork,0.032592162,0.0203585,0.047049332
USER_4139eebd,?,Georgia,0.021135265,0.06667581,0.012188918
USER_41a32cd9,?,Georgia,0.029843932,0.03864124,0.031514823
USER_41ae8eba,?,California,0.05316926,0.020066896,0.026763832
USER_41b1e5d3,?,California,0.0862947,0.0054024537,0.00830284
USER_41b9a343,?,California,0.06512947,0.016295087,0.01857545
USER_42058caa,?,Georgia,0.0008869373,0.097927645,0.001185428
USER_422fcf6d,?,NewYork,0.0023549874,0.003618955,0.09402606
USER_428ff9aa,?,NewYork,0.020294966,0.010686938,0.06901809
USER_42f872d9,?,NewYork,0.022611935,0.0074209077,0.069967166
USER_42fa9813,?,NewYork,0.0027075717,0.00091408007,0.09637835
USER_43357d60,?,California,0.09794328,0.0020403157,1.6408012e-05
USER_4393579b,?,NewYork,0.0007205416,0.00044099413,0.09883846
USER_43a53512,?,NewYork,3.9511447e-06,7.320285e-06,0.09998872
USER_43a9815a,?,NewYork,0.0013142941,0.0032298088,0.0954559
USER_43b45f4d,?,NewYork,0.014514325,0.008076755,0.077408925
USER_43d79f43,?,NewYork,0.013724717,0.008035754,0.07823952
USER_45102925,?,NewYork,9.987269e-05,0.0005312874,0.09936884
USER_451e26f1,?,NewYork,6.113546e-06,2.5851386e-05,0.09996804
USER_45362a87,?,NewYork,0.012749706,0.004950508,0.082299784
USER_453a081e,?,NewYork,0.009782901,0.009935426,0.080281675
USER_4554b4ee,?,Georgia,0.017731901,0.042091016,0.040177085
USER_4591ffac,?,NewYork,0.0033527862,0.0029119444,0.09373526
USER_466b9a5c,?,California,0.08300745,0.009115152,0.007877403
USER_46af6e83,?,Georgia,0.02571626,0.040563725,0.03372001
USER_475202df,?,NewYork,0.03753335,0.015863338,0.046603303
USER_47b05242,?,NewYork,0.0063965237,0.0031771385,0.09042634
USER_47f7fe20,?,NewYork,0.011197699,0.027888333,0.06091397
USER_480be1ad,?,NewYork,0.007249857,0.016303664,0.07644648
USER_48badc08,?,California,0.09690747,0.0018478986,0.0012446309
USER_492787d1,?,NewYork,0.031663693,0.012983513,0.055352796
USER_496ac393,?,Georgia,0.021824691,0.06997046,0.008204849
USER_497fcb02,?,California,0.069795445,0.008443014,0.021761548
USER_4997f190,?,NewYork,3.3957555e-08,7.7966797e-07,0.09999919
USER_49d4be2e,?,California,0.099998355,1.3747865e-06,2.7862376e-07
USER_49e82ac6,?,Georgia,0.013664101,0.074163675,0.012172222
USER_4a43b1bc,?,NewYork,0.004600295,0.0027911356,0.09260856
USER_4a4b8dc9,?,NewYork,0.01672131,0.009677095,0.073601596
USER_4a7ab42d,?,California,0.04621888,0.01408142,0.0396997
USER_4a7ed75c,?,NewYork,8.18346e-05,0.00031097277,0.09960719
USER_4acc9f7a,?,NewYork,0.018705923,0.0048904824,0.076403596
USER_4b5a5ed6,?,NewYork,0.036254607,0.015216211,0.048529185
USER_4bfacfa0,?,NewYork,0.012069764,0.022217747,0.06571249
USER_4c306943,?,Georgia,0.024739547,0.059550047,0.015710404
USER_4c30d4e5,?,California,0.0896728,0.009791302,0.0005358898
USER_4c51c0dc,?,NewYork,0.022003049,0.010250973,0.067745976
USER_4c62a606,?,NewYork,0.03321812,0.007362379,0.059419505
USER_4c756692,?,California,0.047069795,0.030147946,0.022782262
USER_4d051709,?,NewYork,0.012421073,0.006798909,0.080780014
USER_4dc8d885,?,Georgia,0.028017884,0.041162718,0.030819392
USER_4e2d1832,?,NewYork,0.010412073,0.0059532085,0.08363472
USER_4ec79b73,?,NewYork,0.0010771375,0.0027631384,0.09615973
USER_4f245ab2,?,California,0.073491834,0.0036197477,0.022888422
USER_4f2f9b97,?,NewYork,0.020365434,0.024609847,0.055024713
USER_4fb0f981,?,NewYork,0.041081347,0.008894433,0.050024223
USER_4fb70820,?,NewYork,0.0020430721,0.001526213,0.09643071
USER_4fd63247,?,California,0.046671234,0.025234153,0.028094614
USER_4fd8fb1c,?,Georgia,0.018249374,0.059665572,0.022085065
USER_502eb2e1,?,NewYork,0.00041057932,0.00057144917,0.09901796
USER_50557eb6,?,NewYork,0.011187288,0.0048669064,0.0839458
USER_5071602b,?,NewYork,0.013632664,0.032330647,0.054036696
USER_50c9925d,?,California,0.07061811,0.019389335,0.009992553
USER_51469cab,?,NewYork,6.2681e-05,7.941377e-05,0.099857904
USER_520dddc4,?,NewYork,3.4431753e-08,9.040511e-06,0.09999093
USER_52cb1bd2,?,California,0.04288914,0.033348124,0.023762738
USER_531dc01f,?,NewYork,0.005818054,0.008057145,0.0861248
USER_53487451,?,California,0.051600873,0.012620255,0.035778873
USER_53621ba3,?,NewYork,0.03330775,0.016651724,0.050040532
USER_538e44c4,?,NewYork,0.0035006187,0.0037113787,0.092788
USER_542aa1fb,?,California,0.09504775,0.00046465528,0.0044876006
USER_54e9deb6,?,NewYork,0.0015198584,0.0009579106,0.09752224
USER_564ec211,?,NewYork,0.013722693,0.006849279,0.07942803
USER_5673f628,?,Georgia,0.0387086,0.041364975,0.019926425
USER_5697f699,?,NewYork,6.691362e-05,3.2447297e-05,0.09990065
USER_569ba403,?,NewYork,0.00015796049,0.00014579235,0.09969625
USER_56e785f3,?,NewYork,0.0002789505,0.0005810638,0.09913999
USER_56f0f5d0,?,California,0.080565505,0.005260139,0.01417435
USER_57186934,?,NewYork,1.1618529e-05,0.00014320089,0.099845186
USER_572a4677,?,NewYork,0.010506738,0.005697798,0.083795466
USER_5743262a,?,NewYork,0.034557186,0.022737302,0.04270551
USER_57a03f1a,?,Georgia,0.026643228,0.03675573,0.03660104
USER_58cda3f6,?,NewYork,1.1326394e-05,4.9217044e-05,0.09993945
USER_58f29c15,?,NewYork,0.0026861434,0.0019000471,0.095413804
USER_5941d4ce,?,NewYork,4.8252366e-07,2.4801373e-06,0.09999703
USER_594dc803,?,NewYork,9.993349e-07,2.2270751e-06,0.09999677
USER_59aaf319,?,NewYork,0.00083767885,0.00018744517,0.098974876
USER_59d04e5c,?,NewYork,0.00043735126,0.00061722525,0.098945424
USER_59f5a7c3,?,California,0.08996908,0.006375759,0.0036551661
USER_59fef649,?,NewYork,0.011899498,0.016715443,0.071385056
USER_5a22b51f,?,California,0.09500361,0.003787084,0.0012093089
USER_5a343aa5,?,NewYork,0.0005267062,0.0007277382,0.09874556
USER_5aa66355,?,NewYork,0.0046991818,0.0056527527,0.08964807
USER_5ac1aaa0,?,NewYork,0.0036212828,0.0025263373,0.09385238
USER_5b6753c3,?,NewYork,0.012557782,0.0051622046,0.08228002
USER_5be35b92,?,Georgia,0.026934255,0.06382571,0.00924003
USER_5c87eac9,?,California,0.052141655,0.010997046,0.0368613
USER_5d4fa5a6,?,California,0.061268233,0.0121309515,0.026600804
USER_5dced2c0,?,NewYork,0.022743259,0.034619607,0.04263714
USER_5deadf5b,?,California,0.041692246,0.023077535,0.035230216
USER_5df221b1,?,California,0.083472855,0.008671435,0.007855707
USER_5e58dd16,?,California,0.08557937,0.0047607953,0.00965983
USER_5e6c2bc1,?,California,0.09075003,0.0059813326,0.0032686386
USER_5fa62451,?,NewYork,0.004458175,0.002231131,0.0933107
USER_5feb8d1f,?,NewYork,0.024510112,0.024399128,0.051090755
USER_606a56b9,?,NewYork,0.00019351466,0.0005224363,0.09928405
USER_60c4102b,?,Georgia,0.03763288,0.04704197,0.015325149
USER_6107e30f,?,NewYork,0.034123875,0.013480055,0.05239607
USER_610bb3b7,?,California,0.052993815,0.013109964,0.03389622
USER_6113e677,?,California,0.09429825,0.004267021,0.0014347329
USER_61707e96,?,NewYork,0.027099684,0.017233837,0.055666484
USER_617635b8,?,California,0.06178675,0.019809265,0.018403992
USER_61989839,?,NewYork,0.034651272,0.022959923,0.042388808
USER_61e1bcf0,?,California,0.047534592,0.0118347965,0.04063061
USER_626e759d,?,NewYork,0.030005092,0.018678267,0.05131664
USER_629ecb44,?,NewYork,0.01128742,0.012890704,0.07582188
USER_62aae6a7,?,California,0.07720096,0.008969878,0.013829167
USER_62bbc015,?,California,0.053967785,0.026732657,0.019299563
USER_6307c420,?,NewYork,0.0042386586,0.0025352007,0.09322615
USER_630996db,?,NewYork,0.034328766,0.02846478,0.037206456
USER_6377d61f,?,NewYork,0.014814896,0.007443494,0.07774161
USER_63ae7b2d,?,California,0.064084455,0.020370703,0.015544844
USER_640ad8d5,?,NewYork,0.00030860218,0.00017157469,0.09951982
USER_641c9fa6,?,NewYork,0.028661856,0.016529474,0.05480867
USER_6433b647,?,California,0.095950976,0.0022152509,0.0018337794
USER_6453a2e0,?,California,0.063019335,0.02186586,0.015114807
USER_6559bda9,?,NewYork,0.019180302,0.0051398734,0.075679824
USER_65ef019b,?,NewYork,0.019563932,0.0046639415,0.07577212
USER_662ea30b,?,California,0.04209055,0.034099516,0.023809932
USER_66f9636e,?,NewYork,0.0067849993,0.006149239,0.08706576
USER_670e2a0b,?,California,0.06509835,0.013311207,0.021590443
USER_67482d6c,?,NewYork,0.0017501855,0.001072903,0.09717691
USER_6789a05a,?,NewYork,0.0002684362,0.0011680872,0.09856348
USER_68183c28,?,NewYork,0.012329051,0.005711722,0.08195923
USER_681faecc,?,NewYork,0.0002733253,0.0014864763,0.098240204
USER_684a2501,?,California,0.043772534,0.0128136575,0.043413807
USER_6879cfc3,?,NewYork,0.016674377,0.0060973344,0.07722829
USER_6902a75c,?,NewYork,0.0055902125,0.004203001,0.09020679
USER_698ca49c,?,NewYork,0.018846149,0.012243325,0.068910524
USER_69ad2883,?,Georgia,0.010582112,0.08185433,0.0075635635
USER_69c74a0d,?,Georgia,0.00025628257,0.09950914,0.00023456232
USER_69e7fca6,?,NewYork,0.00031274967,0.00070084643,0.0989864
USER_6a4150e9,?,NewYork,0.00094563013,0.00065722637,0.09839714
USER_6abbe190,?,California,0.052924525,0.012510645,0.03456483
USER_6b51eaf6,?,NewYork,0.010754513,0.005403918,0.08384157
USER_6b76289c,?,NewYork,0.016745675,0.011668892,0.07158543
USER_6c0ce87e,?,California,0.07333744,0.008328794,0.018333768
USER_6c396bc1,?,NewYork,0.019041184,0.01689147,0.06406735
USER_6cb629bd,?,NewYork,0.026681235,0.0063725607,0.066946216
USER_6cb74641,?,NewYork,0.033504806,0.018481685,0.048013516
USER_6dfb285e,?,California,0.09675262,0.002666921,0.00058045925
USER_6e0b05a1,?,NewYork,0.0116271395,0.0070694783,0.08130338
USER_6e5ae663,?,NewYork,0.031424887,0.011754418,0.056820698
USER_6efc8637,?,NewYork,0.017869655,0.004783949,0.0773464
USER_6f9de088,?,NewYork,0.010340697,0.005032417,0.08462689
USER_6fd22a16,?,California,0.078659765,0.0064216675,0.014918564
USER_7021d4fe,?,NewYork,0.013250597,0.003842481,0.082906924
USER_7031d6a0,?,California,0.04896742,0.007859496,0.043173082
USER_703c2752,?,NewYork,0.0137272775,0.0078066937,0.07846602
USER_7061da53,?,NewYork,1.0063129e-07,3.3382366e-06,0.09999657
USER_70690adf,?,NewYork,0.031547856,0.010274297,0.058177847
USER_70f0bcf5,?,NewYork,0.006862478,0.013409866,0.079727665
USER_70fa2627,?,NewYork,0.01658387,0.0069335424,0.07648259
USER_7122bd33,?,California,0.04627764,0.011822186,0.041900173
USER_7124793e,?,NewYork,5.0059713e-05,9.75021e-05,0.099852435
USER_7148a7dd,?,NewYork,0.0005626219,0.0018345328,0.097602844
USER_715db191,?,NewYork,0.03318187,0.02753361,0.03928452
USER_71634424,?,NewYork,0.019648446,0.016723122,0.063628435
USER_71b44c3c,?,California,0.07147879,0.010691049,0.017830161
USER_71d2698e,?,NewYork,0.031183828,0.02078948,0.048026692
USER_724f0ba2,?,California,0.05072852,0.010637373,0.038634114
USER_7267daa2,?,NewYork,0.00012841579,0.00024260732,0.09962897
USER_73479d68,?,Georgia,0.02107791,0.060418922,0.018503161
USER_736899c8,?,NewYork,0.01811814,0.017717745,0.06416412
USER_7374ea4c,?,NewYork,0.0037179317,0.0021870977,0.09409497
USER_738b5fa1,?,NewYork,0.005669344,0.002373642,0.09195701
USER_73b58d65,?,Georgia,0.008093174,0.07001697,0.021889843
USER_74f133ba,?,NewYork,0.000566664,0.0007953968,0.09863794
USER_74fb72f0,?,California,0.08964993,0.005536452,0.004813616
USER_75644e28,?,NewYork,0.021646667,0.028055161,0.050298177
USER_75667382,?,NewYork,0.017431939,0.0047594765,0.07780858
USER_75e90c35,?,NewYork,3.5146993e-08,1.3451478e-06,0.099998616
USER_76772a35,?,NewYork,1.933581e-06,7.2056355e-06,0.09999086
USER_770d44e6,?,California,0.047980603,0.044507243,0.007512156
USER_778961e9,?,California,0.04163704,0.01796372,0.04039924
USER_77d7ce58,?,California,0.09498392,0.0041938154,0.0008222667
USER_77efb69c,?,Georgia,0.0277574,0.043407243,0.028835347
USER_78d7f848,?,NewYork,0.00033688874,0.00025912278,0.09940399
USER_79139803,?,California,0.06852791,0.011382398,0.020089693
USER_7966ae1b,?,NewYork,0.00895649,0.007848026,0.083195485
USER_79d6c1fd,?,California,0.04128737,0.017526057,0.04118657
USER_79df1b3e,?,NewYork,0.0007588287,0.0009461865,0.09829499
USER_7a075b20,?,California,0.06687148,0.015529072,0.017599443
USER_7a260f17,?,NewYork,0.00023526035,0.0022111891,0.097553544
USER_7b4bbba3,?,NewYork,0.00043037045,0.00028586047,0.09928377
USER_7b69bd51,?,NewYork,0.00058579247,0.0028795288,0.096534684
USER_7b8c76bd,?,NewYork,8.703576e-08,1.7012601e-07,0.09999974
USER_7be2032a,?,NewYork,0.03567786,0.023860091,0.040462043
USER_7c98f07a,?,California,0.048470847,0.03903029,0.012498861
USER_7d952021,?,NewYork,0.036341745,0.011965471,0.051692784
USER_7dbaa3ee,?,NewYork,0.00016666445,0.00015268048,0.09968066
USER_7f178917,?,NewYork,0.03278046,0.009331809,0.057887733
USER_7f4f9842,?,NewYork,0.015724046,0.004143386,0.08013257
USER_7f5be0d9,?,NewYork,0.003959376,0.0019442346,0.094096385
USER_80165d12,?,NewYork,3.2175467e-05,5.017284e-05,0.09991764
USER_8044d2b6,?,California,0.043596946,0.02869921,0.02770384
USER_8128d3b2,?,NewYork,0.022018205,0.017279174,0.060702622
USER_816e9d84,?,Georgia,0.0032672845,0.09001385,0.0067188754
USER_817ecc31,?,NewYork,0.015866037,0.0017304821,0.08240347
USER_81a65e91,?,California,0.04410996,0.013504803,0.042385243
USER_82685db9,?,California,0.054531366,0.006306236,0.039162394
USER_8386d78a,?,Georgia,0.008551041,0.081494205,0.00995475
USER_83a5ad2d,?,NewYork,0.006475848,0.016092917,0.07743123
USER_845b9e50,?,NewYork,0.00017855004,0.00062664825,0.09919481
USER_84750aab,?,California,0.04755207,0.016995493,0.03545243
USER_84c6cec6,?,NewYork,0.03862715,0.011637867,0.04973499
USER_84f8e565,?,California,0.09945878,0.0005333564,7.858956e-06
USER_8519d5fe,?,NewYork,0.030171007,0.014629987,0.055199005
USER_852984da,?,NewYork,0.0017482846,0.0028717343,0.09537998
USER_8536db1c,?,NewYork,0.033798527,0.013565265,0.0526362
USER_85467083,?,California,0.072827294,0.0067457496,0.020426946
USER_85587748,?,NewYork,0.007285611,0.005104311,0.08761008
USER_859d9c2e,?,NewYork,0.00060645735,0.00260408,0.096789464
USER_85e01ba2,?,California,0.09709764,0.0020322087,0.00087015063
USER_86317dcd,?,NewYork,0.03399249,0.029984212,0.03602329
USER_86684402,?,NewYork,1.3905565e-06,8.0177515e-06,0.09999059
USER_86caef0e,?,Georgia,0.0018930543,0.08687288,0.011234059
USER_86f2740f,?,California,0.05666437,0.020092871,0.023242762
USER_872a6619,?,California,0.05684329,0.010037291,0.033119418
USER_8766f6a8,?,NewYork,0.0004139753,0.0014251731,0.09816085
USER_88f2d306,?,NewYork,0.00027729955,0.00015476455,0.09956794
USER_891a5ac1,?,NewYork,0.006030101,0.0027827627,0.091187134
USER_893e1c79,?,Georgia,0.0015029183,0.09616485,0.0023322296
USER_895401a0,?,NewYork,3.313706e-05,4.954147e-05,0.09991732
USER_8959054b,?,NewYork,0.03255918,0.017524201,0.049916618
USER_89aedca8,?,NewYork,0.008612173,0.0039794557,0.08740838
USER_89eb84bd,?,California,0.04029361,0.022957023,0.036749367
USER_8a318f42,?,California,0.05485024,0.016663687,0.028486082
USER_8a470c86,?,California,0.051395364,0.022513404,0.026091233
USER_8acf6a6b,?,Georgia,0.0014896652,0.09348975,0.0050205854
USER_8b2ea24e,?,NewYork,0.032959793,0.028371964,0.03866824
USER_8b30e74e,?,NewYork,0.03992445,0.012480938,0.047594603
USER_8b4a7301,?,NewYork,0.026893387,0.016693447,0.056413162
USER_8b58d394,?,NewYork,0.000843097,0.0014652826,0.097691625
USER_8b718df6,?,NewYork,0.00738776,0.0041116294,0.088500604
USER_8b8404dd,?,NewYork,0.022736272,0.03240505,0.044858687
USER_8b9de5fa,?,NewYork,0.00012389188,0.00021755866,0.09965855
USER_8c6846f5,?,California,0.09476815,0.0045428774,0.0006889593
USER_8c7678e9,?,NewYork,0.012982607,0.012239509,0.07477788
USER_8c76cd44,?,NewYork,7.6662305e-05,0.00016042934,0.09976291
USER_8c915ce2,?,NewYork,0.029511923,0.0150037315,0.055484347
USER_8d1642cb,?,NewYork,1.4796724e-05,8.760676e-06,0.099976435
USER_8dd1b645,?,NewYork,0.03292395,0.018620092,0.048455957
USER_8e39a620,?,NewYork,0.0013429064,0.0017237642,0.09693332
USER_8e51e748,?,NewYork,0.0013287554,0.00097505655,0.09769619
USER_8e6b3ee4,?,California,0.05422802,0.01868173,0.027090248
USER_8f5a065d,?,NewYork,0.002871776,0.0023015668,0.09482665
USER_8f692511,?,NewYork,9.5791926e-05,5.363751e-05,0.09985057
USER_8fbee2e2,?,NewYork,0.00015736498,0.0004357784,0.09940686
USER_8fc149c2,?,NewYork,0.0004456485,0.00023034979,0.099324
USER_8fc8a599,?,California,0.050284438,0.014801495,0.03491407
USER_90a5613b,?,NewYork,0.021630034,0.03112245,0.047247514
USER_9279adf6,?,NewYork,0.010389349,0.01261502,0.076995626
USER_92b4717c,?,Georgia,0.016537113,0.06578018,0.017682718
USER_93378e09,?,Georgia,0.013984998,0.07202844,0.013986565
USER_9337c91c,?,California,0.06142044,0.019673128,0.018906428
USER_93b53f47,?,NewYork,0.033030555,0.010030551,0.056938905
USER_95879ae4,?,NewYork,1.798828e-06,3.666859e-06,0.099994525
USER_95d33e0a,?,NewYork,0.02152549,0.026514277,0.05196023
USER_960ed66d,?,California,0.061347954,0.008877073,0.029774968
USER_9637f9ee,?,NewYork,0.0005004612,0.00024940394,0.09925013
USER_96916eb3,?,NewYork,0.0047513084,0.0027791685,0.09246953
USER_9713d226,?,California,0.0648984,0.02000818,0.015093414
USER_97243bdb,?,NewYork,4.669525e-06,2.3465361e-06,0.099992976
USER_9766011f,?,Georgia,0.015939709,0.046477653,0.037582632
USER_97e01759,?,California,0.051142238,0.04075167,0.008106095
USER_986556b3,?,California,0.0375606,0.031504802,0.030934596
USER_98886961,?,California,0.06320149,0.013216114,0.023582391
USER_98d3c40f,?,Georgia,0.009613825,0.07282367,0.017562501
USER_98e09544,?,California,0.053140122,0.001303399,0.045556486
USER_99683669,?,NewYork,0.010200526,0.009663114,0.08013635
USER_999bd4c5,?,NewYork,0.010357698,0.008499192,0.08114311
USER_99af43d5,?,NewYork,0.0034169492,0.011498032,0.08508502
USER_9a642605,?,California,0.09055644,0.0015273698,0.007916198
USER_9a7176c7,?,California,0.0827589,0.015453195,0.0017878948
USER_9a769d64,?,California,0.07189479,0.016543172,0.011562038
USER_9aa31b62,?,NewYork,0.007664734,0.011949195,0.08038607
USER_9acb62ce,?,California,0.0748647,0.010460618,0.014674677
USER_9ad122ae,?,NewYork,0.004994643,0.011616556,0.0833888
USER_9b19ee57,?,NewYork,0.008739099,0.006717091,0.08454381
USER_9cc013b1,?,NewYork,0.011796923,0.0074539753,0.0807491
USER_9e9176f0,?,NewYork,0.00537178,0.0035182592,0.09110996
USER_9ea6cfdd,?,NewYork,3.9314826e-05,0.0015173227,0.09844337
USER_9ee58dc9,?,NewYork,0.03501328,0.014910817,0.0500759
USER_9f1c7127,?,California,0.073353544,0.004372344,0.022274118
USER_9f9e6b0e,?,California,0.08245944,0.008614963,0.008925601
USER_a0069291,?,California,0.06404386,0.024564374,0.011391767
USER_a0a37a32,?,NewYork,0.03254367,0.013047734,0.0544086
USER_a0c36457,?,Georgia,0.00080943794,0.0990241,0.00016645702
USER_a11d4582,?,NewYork,0.020151075,0.012519141,0.06732978
USER_a14caa5f,?,California,0.051008273,0.030816633,0.0181751
USER_a1f71eb9,?,NewYork,0.0027858757,0.0028796159,0.0943345
USER_a1f848f1,?,NewYork,0.017040666,0.0073534534,0.07560588
USER_a1fd0922,?,NewYork,0.017034667,0.008580904,0.07438443
USER_a3023157,?,NewYork,3.3105225e-05,0.0024114144,0.09755547
USER_a31831ca,?,NewYork,0.009311814,0.034618422,0.05606976
USER_a389015c,?,California,0.09328157,0.0032377031,0.0034807262
USER_a5521e2f,?,California,0.060729545,0.014634657,0.024635794
USER_a55a0b4d,?,California,0.057807196,0.008606025,0.033586774
USER_a6422ab8,?,NewYork,0.007568379,0.013635216,0.0787964
USER_a66c7b5a,?,NewYork,0.0005982105,0.00022833887,0.09917345
USER_a7ec3cc4,?,NewYork,0.00015100937,7.6546985e-06,0.099841334
USER_a849f414,?,NewYork,0.002955022,0.004290552,0.09275442
USER_a85a7c7e,?,NewYork,0.0014652706,0.00054158096,0.09799314
USER_a8e4155f,?,Georgia,0.003553691,0.048334945,0.04811136
USER_a90b5d13,?,NewYork,0.03276766,0.022895612,0.04433673
USER_a95245c5,?,Georgia,0.031983532,0.04242682,0.025589649
USER_a95bcd40,?,NewYork,0.037885953,0.009107857,0.053006195
USER_aa1711e8,?,California,0.053579897,0.014048101,0.032372005
USER_aa49a764,?,NewYork,0.035898868,0.009299094,0.054802038
USER_aa693937,?,NewYork,1.4020006e-06,2.721335e-06,0.099995874
USER_abda4653,?,NewYork,0.025697028,0.0150523875,0.059250586
USER_abf089b9,?,NewYork,0.0018637187,0.004599704,0.09353657
USER_ac32556c,?,Georgia,0.0014879296,0.09711833,0.0013937295
USER_ac6cba41,?,NewYork,0.008974106,0.0048690406,0.08615686
USER_acc0332b,?,NewYork,0.03979375,0.011469892,0.048736352
USER_ad11f002,?,NewYork,1.5936938e-07,1.2897938e-06,0.09999855
USER_ad1a78bb,?,NewYork,0.005728,0.0052968543,0.08897515
USER_adf07f22,?,NewYork,0.017575696,0.026875427,0.055548884
USER_aeb35425,?,NewYork,0.00030931883,4.9458125e-05,0.09964122
USER_aef90dc8,?,Georgia,0.01975882,0.040459324,0.039781857
USER_aefba142,?,NewYork,0.020892952,0.023473743,0.0556333
USER_b01c8a69,?,NewYork,0.0002141807,0.00053919456,0.09924663
USER_b05f6795,?,California,0.051034093,0.023480814,0.025485093
USER_b0e5e29f,?,NewYork,0.0026437459,0.00048248115,0.096873775
USER_b21319aa,?,California,0.043856405,0.03289227,0.023251325
USER_b29d1e06,?,NewYork,0.0017730113,0.0015585076,0.096668474
USER_b2c32489,?,NewYork,0.022304228,0.017591117,0.060104657
USER_b2f2099c,?,NewYork,0.012518945,0.0023273216,0.08515374
USER_b30dabe6,?,Georgia,0.005800248,0.08246139,0.011738362
USER_b356ce00,?,California,0.08345641,0.0057951314,0.0107484525
USER_b404803c,?,NewYork,5.576312e-07,1.4131838e-05,0.09998532
USER_b412a896,?,NewYork,0.022957586,0.009386875,0.06765554
USER_b5012c50,?,NewYork,0.00059208414,0.0011218324,0.09828608
USER_b50254c0,?,NewYork,0.0020069787,0.0013946769,0.09659834
USER_b5172409,?,NewYork,0.000631584,0.0006930122,0.0986754
USER_b546f47d,?,California,0.09918264,0.000736179,8.11834e-05
USER_b567f44d,?,NewYork,2.5716471e-07,5.8393624e-07,0.09999915
USER_b5bc4860,?,NewYork,0.006041934,0.007390981,0.08656708
USER_b5de38f5,?,NewYork,0.0225794,0.01001331,0.067407295
USER_b6499742,?,NewYork,0.02314565,0.008470813,0.06838354
USER_b6760842,?,NewYork,2.2030509e-08,1.3870618e-07,0.099999845
USER_b67cd3af,?,NewYork,0.011276892,0.026591653,0.062131457
USER_b6c16968,?,NewYork,0.0007031398,0.0011979076,0.09809895
USER_b6e4497d,?,Georgia,0.03079687,0.041670676,0.027532455
USER_b7c829b8,?,NewYork,0.016309077,0.009600352,0.07409057
USER_b863139f,?,NewYork,0.0007929948,0.00032585158,0.09888115
USER_b86a61aa,?,California,0.060273685,0.013355771,0.026370546
USER_b9013ab7,?,NewYork,0.0027347733,0.0013600468,0.09590517
USER_b9328485,?,NewYork,0.0012629615,0.001020787,0.09771626
USER_ba0c7ec5,?,NewYork,0.00016587341,0.00022024484,0.09961389
USER_ba94007a,?,NewYork,0.020195622,0.0070381695,0.07276621
USER_bacee51c,?,Georgia,0.0002955624,0.098126516,0.0015779242
USER_bad13415,?,NewYork,0.005105296,0.0040864837,0.09080822
USER_bbc12ab1,?,NewYork,0.00020010895,0.00026247796,0.09953742
USER_bc6ca73c,?,NewYork,0.027309164,0.031796157,0.040894672
USER_bc7173e1,?,NewYork,0.0009685249,0.001391009,0.09764047
USER_bd33a7ba,?,NewYork,0.0012018351,0.0018540543,0.09694411
USER_bd6c7ab9,?,NewYork,0.001654695,0.0012998468,0.09704545
USER_bdc69bc5,?,NewYork,0.0052034184,0.006617495,0.08817909
USER_bdc6f8a4,?,California,0.058481514,0.015975367,0.025543114
USER_be091658,?,NewYork,5.590774e-07,5.5463065e-06,0.0999939
USER_be1c53c7,?,NewYork,0.0078378115,0.029262448,0.062899746
USER_beb96957,?,NewYork,0.0030425666,0.0044867424,0.09247069
USER_bed73617,?,NewYork,0.022116262,0.026541406,0.051342327
USER_bf17adb2,?,Georgia,0.0128693655,0.056457233,0.030673405
USER_bf697dd8,?,NewYork,0.027313877,0.015552503,0.057133615
USER_bfb860b5,?,California,0.08492634,0.0074340017,0.0076396717
USER_c0535055,?,NewYork,0.002863128,0.009298494,0.087838374
USER_c0586bb5,?,NewYork,0.0009391825,0.00090399134,0.098156825
USER_c0c72d2d,?,NewYork,0.040841136,0.017886583,0.041272283
USER_c0e2cd29,?,California,0.058721196,0.0217295,0.019549303
USER_c1907759,?,NewYork,0.031239599,0.012388598,0.0563718
USER_c2312039,?,NewYork,0.00039378105,0.00047503845,0.09913118
USER_c271a192,?,California,0.07170947,0.020664772,0.0076257596
USER_c296a92a,?,California,0.046721283,0.032814898,0.020463824
USER_c2b5a4d5,?,Georgia,0.015052895,0.06825911,0.016687999
USER_c2b78ada,?,NewYork,0.023676777,0.011141736,0.06518148
USER_c30b709c,?,Georgia,0.033651102,0.035106987,0.031241912
USER_c316ea02,?,NewYork,0.0011607166,6.26513e-05,0.09877662
USER_c325178f,?,NewYork,0.002274103,0.0024611386,0.09526476
USER_c4adcb00,?,NewYork,0.019634904,0.0071780956,0.07318701
USER_c56264c0,?,California,0.053170454,0.02934809,0.017481456
USER_c589fa84,?,California,0.07689602,0.01069415,0.012409834
USER_c598a264,?,California,0.06712184,0.011376357,0.021501807
USER_c5a74e68,?,NewYork,1.3292217e-05,3.2071675e-05,0.099954635
USER_c5dc5c06,?,California,0.07165527,0.012480683,0.015864048
USER_c5e85528,?,NewYork,0.01277155,0.0051850667,0.08204339
USER_c65632cf,?,California,0.04220857,0.020973835,0.0368176
USER_c69327a7,?,NewYork,0.0003439496,0.0008199824,0.098836064
USER_c6ef9acc,?,California,0.04324388,0.021986423,0.034769695
USER_c703200e,?,California,0.06378583,0.015821561,0.020392615
USER_c72fc7da,?,NewYork,0.006615177,0.0032488536,0.09013598
USER_c744b819,?,NewYork,0.0010892993,0.0011225148,0.097788185
USER_c78e1d83,?,Georgia,0.012936614,0.08077653,0.006286866
USER_c8320204,?,NewYork,0.0010490703,0.0011873378,0.09776359
USER_c86d006f,?,California,0.06654353,0.022949796,0.010506678
USER_c88c5b40,?,NewYork,0.015336292,0.01047865,0.07418506
USER_c896b37a,?,Georgia,0.014911522,0.06624476,0.01884372
USER_c951de32,?,NewYork,0.01245582,0.006000704,0.081543475
USER_c973d140,?,NewYork,2.014877e-06,6.1683177e-06,0.09999181
USER_ca067496,?,NewYork,0.0018044481,0.0027060087,0.09548954
USER_ca2a8401,?,NewYork,0.035113525,0.013205441,0.051681034
USER_ca706564,?,California,0.058865644,0.036934588,0.0041997763
USER_ca9876d8,?,NewYork,0.0024075224,0.0017398319,0.09585265
USER_cadaed43,?,NewYork,0.0017531082,0.0050456664,0.09320123
USER_cb70aa86,?,NewYork,0.0024393,0.004034104,0.093526594
USER_cb70f47a,?,NewYork,7.9718855e-05,0.00053435663,0.099385925
USER_cba175e0,?,NewYork,2.4898565e-08,7.550569e-08,0.099999905
USER_cbceb6ca,?,NewYork,0.00013599261,7.58081e-05,0.0997882
USER_cbe1a272,?,NewYork,0.0392367,0.02040013,0.040363178
USER_cd13b2eb,?,NewYork,0.0012377676,0.0060454253,0.092716806
USER_cd29081f,?,NewYork,0.024257686,0.01985387,0.055888444
USER_cdb13d0f,?,NewYork,0.00036490816,0.0007906476,0.098844446
USER_ce2918d7,?,NewYork,0.020545559,0.0121497605,0.067304686
USER_ce643d54,?,NewYork,0.0009718176,0.00069768925,0.0983305
USER_cfb18965,?,California,0.050008845,0.022928946,0.027062207
USER_cfdcc809,?,NewYork,0.016013086,0.006364598,0.07762232
USER_d085d059,?,Georgia,0.031373255,0.042237323,0.026389416
USER_d08a4858,?,California,0.051597953,0.038794346,0.009607704
USER_d0ba274a,?,Georgia,0.0012639061,0.094247796,0.004488297
USER_d12c6a27,?,NewYork,0.014377832,0.0045319567,0.08109021
USER_d130fd3b,?,California,0.07525872,0.008913742,0.01582754
USER_d15f388e,?,NewYork,0.0025837172,0.03131232,0.066103965
USER_d1958599,?,NewYork,0.042544,0.0075455694,0.049910426
USER_d22f6732,?,California,0.04359243,0.01549199,0.040915582
USER_d25e0142,?,NewYork,0.01809498,0.008704243,0.07320078
USER_d2aa6da3,?,NewYork,6.806188e-05,0.00033042848,0.0996015
USER_d33f9935,?,NewYork,0.015070254,0.005740482,0.07918927
USER_d3487516,?,NewYork,0.0040655676,0.0029295492,0.09300488
USER_d3d69630,?,California,0.044409014,0.04321464,0.012376343
USER_d4568ed4,?,California,0.06126232,0.015019214,0.023718463
USER_d4688483,?,California,0.07270286,0.0109354025,0.016361732
USER_d4f07011,?,NewYork,4.560093e-09,2.0721668e-08,0.09999998
USER_d510711a,?,NewYork,0.024095347,0.019328343,0.05657631
USER_d649b0c8,?,California,0.05914426,0.012689369,0.028166374
USER_d654e13d,?,NewYork,0.009115683,0.008574596,0.082309715
USER_d65b9e9f,?,Georgia,0.016811341,0.06019612,0.02299254
USER_d6bf467c,?,NewYork,0.009350352,0.0069090934,0.083740555
USER_d7067d48,?,NewYork,2.108549e-06,5.203973e-06,0.09999269
USER_d827379d,?,NewYork,0.010989548,0.0050740773,0.08393638
USER_d83d2850,?,NewYork,0.037903644,0.013100949,0.04899541
USER_d856efd1,?,NewYork,6.4163673e-06,6.512496e-06,0.09998707
USER_d89d9039,?,NewYork,0.012908499,0.011099638,0.07599186
USER_d96d5ec3,?,Georgia,3.9175116e-05,0.099676825,0.0002840032
USER_d99675cb,?,California,0.06949905,0.023663536,0.0068374015
USER_d99e85f4,?,NewYork,0.003975685,0.0016401423,0.09438418
USER_da044d97,?,California,0.079836324,0.0045542745,0.015609404
USER_da5ce26d,?,NewYork,0.047186416,0.0036709316,0.049142655
USER_da637fe3,?,NewYork,0.002046176,0.000691608,0.09726221
USER_da660f8b,?,NewYork,0.0006945035,0.00080493046,0.098500565
USER_da94631f,?,NewYork,1.6432822e-09,5.9179495e-08,0.09999994
USER_da9c9faf,?,NewYork,0.02080605,0.00484953,0.07434442
USER_da9ca3d1,?,California,0.09292341,0.002467465,0.004609122
USER_daa19af9,?,California,0.05705022,0.03164565,0.0113041345
USER_db34926b,?,NewYork,0.0065124976,0.0035785013,0.089909
USER_db9beceb,?,California,0.09803809,0.0012074352,0.0007544635
USER_dbc43612,?,NewYork,0.00084298925,0.0014527149,0.09770429
USER_dbc8f50b,?,Georgia,0.00938996,0.0858022,0.0048078327
USER_dbe1de1a,?,California,0.055190843,0.02058803,0.024221128
USER_dbf87c8d,?,California,0.08963622,0.005547669,0.0048161065
USER_dc28b0d6,?,NewYork,0.020075621,0.014729792,0.065194584
USER_dcae5ef2,?,NewYork,0.021965731,0.0010996347,0.076934636
USER_dd77f31c,?,NewYork,0.00014066864,0.00010723624,0.0997521
USER_dd7cd36d,?,NewYork,0.023054665,0.010032834,0.06691251
USER_dda698b5,?,NewYork,0.008221371,0.0043525035,0.08742612
USER_ddc8dddc,?,California,0.08968931,0.009239876,0.0010708168
USER_ddcd55fb,?,NewYork,0.012571161,0.033695806,0.053733032
USER_de600f90,?,California,0.058695246,0.014868808,0.026435947
USER_de6d1b1d,?,Georgia,0.006463169,0.05064816,0.04288868
USER_dece4d0e,?,NewYork,0.009704315,0.01136814,0.07892755
USER_ded4ac5f,?,California,0.09690485,0.0022597571,0.0008353943
USER_df07779c,?,NewYork,0.0008086275,0.0010192728,0.098172106
USER_df41ea54,?,NewYork,0.00972291,0.0064021708,0.08387492
USER_df9d01e7,?,NewYork,0.0063274764,0.002790303,0.09088222
USER_e02e0992,?,NewYork,0.011992715,0.006935957,0.081071325
USER_e07f434a,?,NewYork,0.0020671336,0.0020402344,0.09589263
USER_e0f36bee,?,NewYork,0.017729932,0.0069762,0.07529387
USER_e1cc8c88,?,California,0.048524745,0.007858219,0.043617047
USER_e1ec9f58,?,NewYork,0.013710119,0.0084817195,0.07780816
USER_e1f970c0,?,NewYork,0.0251311,0.019230604,0.05563829
USER_e234f8b7,?,California,0.06144356,0.015060614,0.02349582
USER_e34ca062,?,NewYork,0.0028570276,0.0055068946,0.091636084
USER_e3e590f4,?,California,0.04635415,0.021054389,0.032591473
USER_e56641ca,?,California,0.05634564,0.0015504112,0.042103954
USER_e586c88a,?,NewYork,0.024940256,0.0075672483,0.06749249
USER_e5a06cf8,?,Georgia,0.021914894,0.042243853,0.035841253
USER_e5c49223,?,Georgia,0.001750943,0.0954768,0.0027722577
USER_e63afe06,?,California,0.053539623,0.01561075,0.030849626
USER_e6556cda,?,Georgia,0.0013632452,0.094636545,0.004000218
USER_e674f2c7,?,NewYork,0.0005812908,0.0010169989,0.09840171
USER_e69c2926,?,NewYork,0.036957275,0.017368961,0.045673765
USER_e7586f0f,?,NewYork,0.03155171,0.017333597,0.051114697
USER_e821e4aa,?,NewYork,0.028233867,0.006755805,0.065010324
USER_e84fe6c5,?,California,0.045579083,0.009273894,0.045147024
USER_e90f506a,?,NewYork,0.030443514,0.018614367,0.050942115
USER_e921a1b2,?,NewYork,0.0066335364,0.0016065917,0.091759875
USER_e9433a2d,?,Georgia,0.014041414,0.07140527,0.0145533215
USER_e944690d,?,NewYork,0.010960663,0.0061281966,0.082911134
USER_ea1ec3f9,?,California,0.06277702,0.0125260325,0.024696952
USER_eac53cac,?,NewYork,0.007978518,0.003964792,0.08805669
USER_eadbe901,?,NewYork,0.0035220894,0.0019463962,0.094531514
USER_ec0e40e1,?,NewYork,8.227036e-07,2.0919147e-06,0.09999708
USER_eccbf2f9,?,NewYork,0.0004298517,0.00026801744,0.09930213
USER_ed332c3c,?,NewYork,1.5363305e-05,2.7234952e-05,0.0999574
USER_ed3b8209,?,NewYork,0.009580014,0.004925692,0.085494295
USER_eda62962,?,NewYork,0.013738604,0.004676597,0.0815848
USER_edaf6e59,?,NewYork,0.002377405,0.0028008583,0.094821736
USER_edee0a7e,?,Georgia,0.027152464,0.04176427,0.031083262
USER_ee2b0d73,?,California,0.041812763,0.021850644,0.03633659
USER_ee4949a8,?,NewYork,0.0138826445,0.009804321,0.07631303
USER_ee7077f3,?,NewYork,0.018900488,0.010065215,0.0710343
USER_ee78a5a3,?,NewYork,0.0010219438,0.0019419991,0.097036056
USER_ee78e2c3,?,NewYork,0.03167926,0.013826506,0.054494232
USER_ee7e8d1d,?,California,0.068409115,0.009886752,0.02170414
USER_ee862849,?,NewYork,0.00077950896,0.00083680655,0.09838368
USER_ef142501,?,Georgia,0.0032348454,0.095808655,0.00095649704
USER_ef4caba0,?,NewYork,0.00010274011,0.0013835169,0.098513745
USER_ef529862,?,NewYork,0.027005026,0.009935007,0.06305997
USER_f0186108,?,California,0.07006682,0.015936816,0.013996367
USER_f031e637,?,NewYork,0.004042306,0.026783388,0.069174305
USER_f08c10ab,?,NewYork,0.019505601,0.0101204375,0.07037396
USER_f0af023a,?,California,0.099962845,9.481346e-06,2.7676058e-05
USER_f0e56f47,?,California,0.04234187,0.020877603,0.03678053
USER_f0f62195,?,NewYork,0.0406651,0.012718717,0.04661618
USER_f1a0f984,?,NewYork,0.036475137,0.009175395,0.05434947
USER_f200bf43,?,California,0.050317746,0.021493627,0.028188635
USER_f22b418e,?,Georgia,0.0019485265,0.09596211,0.0020893677
USER_f2506d1f,?,NewYork,0.003353985,0.0074267564,0.08921926
USER_f2d3e646,?,Georgia,0.0058214376,0.078754514,0.015424041
USER_f2ecb677,?,NewYork,0.0038138006,0.0013078388,0.09487836
USER_f2f40347,?,California,0.049968455,0.028424686,0.021606855
USER_f35e4685,?,NewYork,4.77646e-09,1.303017e-06,0.09999869
USER_f39c4fff,?,Georgia,0.01900642,0.07990615,0.0010874321
USER_f3b21af7,?,California,0.06568533,0.01572329,0.01859138
USER_f3d153f2,?,NewYork,0.0018509229,0.0017884753,0.09636061
USER_f401bc5d,?,NewYork,0.0009770875,0.0009962938,0.09802662
USER_f4729791,?,NewYork,0.0054826373,0.0036095758,0.09090779
USER_f4ea82ca,?,California,0.07560957,0.008863578,0.015526856
USER_f5bca487,?,California,0.047462087,0.021184042,0.03135387
USER_f5f3ae28,?,California,0.09520273,0.0019769366,0.0028203283
USER_f6028453,?,California,0.08857991,0.004777014,0.006643072
USER_f6a040c0,?,NewYork,0.00097593135,0.014568394,0.08445568
USER_f727db0a,?,NewYork,0.020888815,0.00855839,0.0705528
USER_f79e1ebc,?,NewYork,0.0033295588,0.00229125,0.0943792
USER_f80cd450,?,NewYork,1.2989631e-05,8.249884e-05,0.09990451
USER_f8b2066b,?,Georgia,0.031835392,0.034209404,0.033955213
USER_f8bcd5fa,?,NewYork,0.003974664,0.0019540505,0.094071284
USER_f8eb395d,?,NewYork,0.035395123,0.009256527,0.055348348
USER_f8f309eb,?,California,0.05112953,0.019480558,0.029389907
USER_f956d966,?,NewYork,7.614917e-05,0.0003080344,0.09961582
USER_fab89e06,?,NewYork,0.03332721,0.004155723,0.06251707
USER_fabd0409,?,NewYork,0.0053142286,0.0029487805,0.09173699
USER_fb5776e5,?,NewYork,0.003266702,0.00276961,0.09396368
USER_fc40042a,?,NewYork,0.00061609043,0.0013550519,0.09802886
USER_fcd39fb5,?,NewYork,3.40093e-05,0.0011576077,0.09880838
USER_fd4f5834,?,NewYork,1.2535845e-09,1.8668782e-08,0.09999998
USER_fda0e237,?,California,0.06414153,0.014176464,0.021682013
USER_fdd92f30,?,California,0.054543536,0.015798647,0.02965782
USER_fe20cef0,?,California,0.0690155,0.021228436,0.009756061
USER_fe80beb2,?,NewYork,0.03251039,0.024392825,0.043096792
USER_ffa3cab3,?,NewYork,0.0043094833,0.002811896,0.092878625
USER_ffb2c9ff,?,NewYork,0.0010887075,0.0008657855,0.09804551
USER_ffcd5c14,?,California,0.073206365,0.02142953,0.005364106
USER_ffecda68,?,Georgia,0.008083823,0.05189664,0.040019535
